{"cameraMode":{"drawMode":0,"name":"Shaded","section":"Shading Mode"},"sceneLighting":false,"audioPlay":false,"sceneViewState":{"m_AlwaysRefresh":false,"showFog":true,"showSkybox":false,"showFlares":true,"showImageEffects":true,"showParticleSystems":true,"showVisualEffectGraphs":true,"m_FxEnabled":true},"in2DMode":false,"pivot":{"x":2.678241729736328,"y":11.347808837890625,"z":26.062179565429689},"rotation":{"x":-0.14473357796669007,"y":-0.7942088842391968,"z":0.20832371711730958,"w":-0.5523105263710022},"size":27.585813522338868,"orthographic":false}