{"cameraMode":{"drawMode":0,"name":"Shaded","section":"Shading Mode"},"sceneLighting":false,"audioPlay":false,"sceneViewState":{"m_AlwaysRefresh":false,"showFog":true,"showSkybox":false,"showFlares":true,"showImageEffects":true,"showParticleSystems":true,"showVisualEffectGraphs":true,"m_FxEnabled":true},"in2DMode":false,"pivot":{"x":0.05132265388965607,"y":0.018728122115135194,"z":-0.0481683611869812},"rotation":{"x":-0.021976761519908906,"y":-0.969022810459137,"z":0.09361787140369415,"w":-0.2276170551776886},"size":0.28258174657821658,"orthographic":false}