{"cameraMode":{"drawMode":0,"name":"Shaded","section":"Shading Mode"},"sceneLighting":false,"audioPlay":false,"sceneViewState":{"m_AlwaysRefresh":false,"showFog":true,"showSkybox":false,"showFlares":true,"showImageEffects":true,"showParticleSystems":true,"showVisualEffectGraphs":true,"m_FxEnabled":true},"in2DMode":false,"pivot":{"x":18.161561965942384,"y":1.4454344511032105,"z":98.44462585449219},"rotation":{"x":0.14998407661914826,"y":0.16836582124233247,"z":-0.025876780971884729,"w":0.9739744663238525},"size":0.6592141389846802,"orthographic":false}