{"cameraMode":{"drawMode":0,"name":"Shaded","section":"Shading Mode"},"sceneLighting":false,"audioPlay":false,"sceneViewState":{"m_AlwaysRefresh":false,"showFog":true,"showSkybox":false,"showFlares":true,"showImageEffects":true,"showParticleSystems":true,"showVisualEffectGraphs":true,"m_FxEnabled":true},"in2DMode":false,"pivot":{"x":0.0001825755462050438,"y":0.17613360285758973,"z":0.0004690438508987427},"rotation":{"x":-0.01749107986688614,"y":0.48477911949157717,"z":-0.009700443595647812,"w":-0.874435305595398},"size":0.26977187395095827,"orthographic":false}