{"cameraMode":{"drawMode":0,"name":"Shaded","section":"Shading Mode"},"sceneLighting":true,"audioPlay":false,"sceneViewState":{"m_AlwaysRefresh":false,"showFog":true,"showSkybox":false,"showFlares":true,"showImageEffects":true,"showParticleSystems":true,"showVisualEffectGraphs":true,"m_FxEnabled":true},"in2DMode":false,"pivot":{"x":-0.5221042633056641,"y":2.7099990844726564,"z":-0.8599987030029297},"rotation":{"x":0.019102197140455247,"y":0.014941896311938763,"z":0.00013106432743370533,"w":-0.9997478127479553},"size":3.4345152378082277,"orthographic":false}