{"cameraMode":{"drawMode":0,"name":"Shaded","section":"Shading Mode"},"sceneLighting":false,"audioPlay":false,"sceneViewState":{"m_AlwaysRefresh":false,"showFog":true,"showSkybox":false,"showFlares":true,"showImageEffects":true,"showParticleSystems":true,"showVisualEffectGraphs":true,"m_FxEnabled":true},"in2DMode":false,"pivot":{"x":-37.812984466552737,"y":25.925045013427736,"z":49.86321258544922},"rotation":{"x":0.43704450130462649,"y":-0.04758827015757561,"z":0.02308827079832554,"w":0.8979766368865967},"size":27.585811614990236,"orthographic":false}