{"cameraMode":{"drawMode":0,"name":"Shaded","section":"Shading Mode"},"sceneLighting":false,"audioPlay":false,"sceneViewState":{"m_AlwaysRefresh":false,"showFog":true,"showSkybox":false,"showFlares":true,"showImageEffects":true,"showParticleSystems":true,"showVisualEffectGraphs":true,"m_FxEnabled":true},"in2DMode":false,"pivot":{"x":-8.958141326904297,"y":32.83985137939453,"z":20.831886291503908},"rotation":{"x":-0.001237589167430997,"y":-0.9757345914840698,"z":0.21902187168598176,"w":-0.005574164446443319},"size":7.088723659515381,"orthographic":false}