{"cameraMode":{"drawMode":0,"name":"Shaded","section":"Shading Mode"},"sceneLighting":true,"audioPlay":false,"sceneViewState":{"m_AlwaysRefresh":false,"showFog":true,"showSkybox":false,"showFlares":true,"showImageEffects":true,"showParticleSystems":true,"showVisualEffectGraphs":true,"m_FxEnabled":true},"in2DMode":false,"pivot":{"x":16.114856719970704,"y":4.237630844116211,"z":-0.016390442848205568},"rotation":{"x":-0.19706402719020844,"y":0.40071457624435427,"z":-0.08889550715684891,"w":-0.8903807401657105},"size":4.597183704376221,"orthographic":false}