{"cameraMode":{"drawMode":0,"name":"Shaded","section":"Shading Mode"},"sceneLighting":true,"audioPlay":false,"sceneViewState":{"m_AlwaysRefresh":false,"showFog":true,"showSkybox":false,"showFlares":true,"showImageEffects":true,"showParticleSystems":true,"showVisualEffectGraphs":true,"m_FxEnabled":true},"in2DMode":false,"pivot":{"x":17.990501403808595,"y":3.5769996643066408,"z":25.645000457763673},"rotation":{"x":0.0026805070228874685,"y":-0.9968002438545227,"z":0.039297882467508319,"w":0.07014688849449158},"size":12.212035179138184,"orthographic":false}