{"cameraMode":{"drawMode":0,"name":"Shaded","section":"Shading Mode"},"sceneLighting":true,"audioPlay":false,"sceneViewState":{"m_AlwaysRefresh":false,"showFog":true,"showSkybox":true,"showFlares":true,"showImageEffects":true,"showParticleSystems":true,"showVisualEffectGraphs":true,"m_FxEnabled":true},"in2DMode":false,"pivot":{"x":16.915021896362306,"y":0.7662957906723023,"z":99.35958099365235},"rotation":{"x":0.02616526000201702,"y":-0.6862267851829529,"z":0.02471488155424595,"w":0.7264999151229858},"size":1.654605746269226,"orthographic":false}