{"cameraMode":{"drawMode":0,"name":"Shaded","section":"Shading Mode"},"sceneLighting":true,"audioPlay":false,"sceneViewState":{"m_AlwaysRefresh":false,"showFog":true,"showSkybox":false,"showFlares":true,"showImageEffects":true,"showParticleSystems":true,"showVisualEffectGraphs":true,"m_FxEnabled":true},"in2DMode":false,"pivot":{"x":0.9700002670288086,"y":3.3199996948242189,"z":0.022823333740234376},"rotation":{"x":-0.1488550305366516,"y":-0.7149225473403931,"z":0.1596178114414215,"w":-0.6645320653915405},"size":0.8660253882408142,"orthographic":false}