{"cameraMode":{"drawMode":0,"name":"Shaded","section":"Shading Mode"},"sceneLighting":false,"audioPlay":false,"sceneViewState":{"m_AlwaysRefresh":false,"showFog":true,"showSkybox":false,"showFlares":true,"showImageEffects":true,"showParticleSystems":true,"showVisualEffectGraphs":true,"m_FxEnabled":true},"in2DMode":false,"pivot":{"x":0.42162442207336428,"y":-0.1628258228302002,"z":-0.6839760541915894},"rotation":{"x":-0.05879056081175804,"y":-0.7945777177810669,"z":0.07797649502754212,"w":-0.5993059277534485},"size":1.6083409786224366,"orthographic":false}