{"cameraMode":{"drawMode":0,"name":"Shaded","section":"Shading Mode"},"sceneLighting":true,"audioPlay":false,"sceneViewState":{"m_AlwaysRefresh":false,"showFog":true,"showSkybox":false,"showFlares":true,"showImageEffects":true,"showParticleSystems":true,"showVisualEffectGraphs":true,"m_FxEnabled":true},"in2DMode":false,"pivot":{"x":18.929000854492189,"y":3.5769996643066408,"z":28.709999084472658},"rotation":{"x":-0.00042834694613702595,"y":-0.9996647834777832,"z":0.015391685999929905,"w":-0.02274026907980442},"size":3.4159388542175295,"orthographic":false}